{"name":"6eb7f025-544c-4cca-9153-003c0ce03530","id":"/providers/Microsoft.Flow/flows/6eb7f025-544c-4cca-9153-003c0ce03530","type":"Microsoft.Flow/flows","properties":{"apiId":"/providers/Microsoft.PowerApps/apis/shared_logicflows","displayName":"Flow_GetEntity_From_ChatID","definition":{"metadata":{"workflowEntityId":null,"processAdvisorMetadata":null,"flowChargedByPaygo":null,"flowclientsuspensionreason":"None","flowclientsuspensiontime":null,"flowclientsuspensionreasondetails":null,"creator":{"id":"0a421a04-e866-4000-94b3-1da2cf936d3a","type":"User","tenantId":"5fd26191-ce3b-435a-ab5c-4b9594508c45"},"provisioningMethod":"FromDefinition","failureAlertSubscription":true,"clientLastModifiedTime":"2024-01-04T05:42:33.0550151Z","connectionKeySavedTimeKey":"2024-01-04T05:42:33.0550151Z"},"$schema":"https://schema.management.azure.com/providers/Microsoft.Logic/schemas/2016-06-01/workflowdefinition.json#","contentVersion":"1.0.0.0","parameters":{"$connections":{"defaultValue":{},"type":"Object"},"$authentication":{"defaultValue":{},"type":"SecureObject"}},"triggers":{"manual":{"metadata":{"operationMetadataId":"9f102de9-59da-436f-9e26-01738ff40488"},"type":"Request","kind":"Http","inputs":{"schema":{"type":"object","properties":{"chatid":{"type":"string"}}},"triggerAuthenticationType":"All"}}},"actions":{"Get_Access_Token_-_HTTP":{"runAfter":{},"metadata":{"operationMetadataId":"90039616-186d-48ee-9d8e-e68148309134"},"type":"Http","inputs":{"method":"POST","uri":"https://login.microsoftonline.com/5fd26191-ce3b-435a-ab5c-4b9594508c45/oauth2/v2.0/token","headers":{"Content-type":"application/x-www-form-urlencoded"},"body":"grant_type=client_credentials\n&client_id=ffa2f86e-6bc2-4dce-83b1-938715bcecec\n&client_secret=pkj8Q~4TSmm8NtZ0Rzt_fPwClhMWUdpVRG5xgbmU\n&scope=https://graph.microsoft.com/.default"}},"Parse_JSON_-_Get_Access_Token":{"runAfter":{"Get_Access_Token_-_HTTP":["Succeeded"]},"metadata":{"operationMetadataId":"c3f68418-7242-4f8b-aa4a-cb6bf102b430"},"type":"ParseJson","inputs":{"content":"@body('Get_Access_Token_-_HTTP')","schema":{"type":"object","properties":{"token_type":{"type":"string"},"expires_in":{"type":"integer"},"ext_expires_in":{"type":"integer"},"access_token":{"type":"string"}}}}},"Initialize_variable_-_Get_Access_Token":{"runAfter":{"Parse_JSON_-_Get_Access_Token":["Succeeded"]},"metadata":{"operationMetadataId":"47c032f8-433c-410c-9607-366789d10727"},"type":"InitializeVariable","inputs":{"variables":[{"name":"varAccessToken","type":"string","value":"@body('Parse_JSON_-_Get_Access_Token')?['access_token']"}]}},"Get_All_Meetings_-_HTTP":{"runAfter":{"Initialize_variable_-_Get_Access_Token":["Succeeded"]},"metadata":{"operationMetadataId":"0061570e-48b7-411c-aa1a-25f8c6876f06"},"type":"Http","inputs":{"method":"GET","uri":"https://graph.microsoft.com/v1.0/users/sabirshaikh@mirza154.onmicrosoft.com/events","headers":{"Application-type":"application/json","Authorization":"@variables('varAccessToken')"}}},"ChatID_-_Initialize_variable":{"runAfter":{"Get_All_Meetings_-_HTTP":["Succeeded"]},"metadata":{"operationMetadataId":"ca4a3060-cdf6-416a-9db5-61b603a78d37"},"type":"InitializeVariable","inputs":{"variables":[{"name":"varChatID","type":"string","value":"@triggerBody()?['chatid']"}]}},"MeetingID_-_Initialize_variable":{"runAfter":{"ChatID_-_Initialize_variable":["Succeeded"]},"metadata":{"operationMetadataId":"dbca05ce-a602-4330-a74e-5e9a49643903"},"type":"InitializeVariable","inputs":{"variables":[{"name":"varMeetingID","type":"string"}]}},"Get_All_Meetings_Json_-_Compose_":{"runAfter":{"MeetingID_-_Initialize_variable":["Succeeded"]},"metadata":{"operationMetadataId":"b28bec39-d3f3-448c-af57-c36746197724"},"type":"Compose","inputs":"@body('Get_All_Meetings_-_HTTP')"},"JSON_-_Initialize_variable":{"runAfter":{"Get_All_Meetings_Json_-_Compose_":["Succeeded"]},"metadata":{"operationMetadataId":"fa7b742f-596f-4060-8f9f-df526eb57ba9"},"type":"InitializeVariable","inputs":{"variables":[{"name":"varTheJSON","type":"string","value":"@{body('Get_All_Meetings_-_HTTP')}"}]}},"All_Meetings_-_Parse_JSON":{"runAfter":{"JSON_-_Initialize_variable":["Succeeded"]},"metadata":{"operationMetadataId":"219dde58-d764-40f0-b3cd-78416ff5cfe5"},"type":"ParseJson","inputs":{"content":"@variables('varTheJSON')","schema":{"type":"object","properties":{"@@odata.context":{"type":"string"},"value":{"type":"array","items":{"type":"object","properties":{"@@odata.etag":{"type":"string"},"id":{"type":"string"},"createdDateTime":{"type":"string"},"lastModifiedDateTime":{"type":"string"},"changeKey":{"type":"string"},"categories":{"type":"array"},"transactionId":{},"originalStartTimeZone":{"type":"string"},"originalEndTimeZone":{"type":"string"},"iCalUId":{"type":"string"},"reminderMinutesBeforeStart":{"type":"integer"},"isReminderOn":{"type":"boolean"},"hasAttachments":{"type":"boolean"},"subject":{"type":"string"},"bodyPreview":{"type":"string"},"importance":{"type":"string"},"sensitivity":{"type":"string"},"isAllDay":{"type":"boolean"},"isCancelled":{"type":"boolean"},"isOrganizer":{"type":"boolean"},"responseRequested":{"type":"boolean"},"seriesMasterId":{},"showAs":{"type":"string"},"type":{"type":"string"},"webLink":{"type":"string"},"onlineMeetingUrl":{},"isOnlineMeeting":{"type":"boolean"},"onlineMeetingProvider":{"type":"string"},"allowNewTimeProposals":{"type":"boolean"},"occurrenceId":{},"isDraft":{"type":"boolean"},"hideAttendees":{"type":"boolean"},"responseStatus":{"type":"object","properties":{"response":{"type":"string"},"time":{"type":"string"}}},"body":{"type":"object","properties":{"contentType":{"type":"string"},"content":{"type":"string"}}},"start":{"type":"object","properties":{"dateTime":{"type":"string"},"timeZone":{"type":"string"}}},"end":{"type":"object","properties":{"dateTime":{"type":"string"},"timeZone":{"type":"string"}}},"location":{"type":"object","properties":{"displayName":{"type":"string"},"locationType":{"type":"string"},"uniqueId":{"type":"string"},"uniqueIdType":{"type":"string"}}},"locations":{"type":"array","items":{"type":"object","properties":{"displayName":{"type":"string"},"locationType":{"type":"string"},"uniqueId":{"type":"string"},"uniqueIdType":{"type":"string"}},"required":["displayName","locationType","uniqueId","uniqueIdType"]}},"recurrence":{},"attendees":{"type":"array"},"organizer":{"type":"object","properties":{"emailAddress":{"type":"object","properties":{"name":{"type":"string"},"address":{"type":"string"}}}}},"onlineMeeting":{"type":"object","properties":{"joinUrl":{"type":"string"}}},"calendar@odata.associationLink":{"type":"string"},"calendar@odata.navigationLink":{"type":"string"}},"required":["@@odata.etag","id","createdDateTime","lastModifiedDateTime","changeKey","categories","transactionId","originalStartTimeZone","originalEndTimeZone","iCalUId","reminderMinutesBeforeStart","isReminderOn","hasAttachments","subject","bodyPreview","importance","sensitivity","isAllDay","isCancelled","isOrganizer","responseRequested","seriesMasterId","showAs","type","webLink","onlineMeetingUrl","isOnlineMeeting","onlineMeetingProvider","allowNewTimeProposals","occurrenceId","isDraft","hideAttendees","responseStatus","body","start","end","location","locations","recurrence","attendees","organizer","onlineMeeting","calendar@odata.associationLink","calendar@odata.navigationLink"]}},"@@odata.nextLink":{"type":"string"}}}}},"JoinURL_-_Apply_to_each":{"foreach":"@body('All_Meetings_-_Parse_JSON')?['value']","actions":{"JoinURL_-_Compose":{"runAfter":{},"metadata":{"operationMetadataId":"8d6b35fe-8773-4fb7-8a51-c048a940796d"},"type":"Compose","inputs":"@items('JoinURL_-_Apply_to_each')?['onlineMeeting']?['joinUrl']"},"IsMatch_-_Compose":{"runAfter":{"JoinURL_-_Compose":["Succeeded"]},"metadata":{"operationMetadataId":"6c5124bc-fdeb-44c9-9209-444ce6fc626c"},"type":"Compose","inputs":"@contains(outputs('JoinURL_-_Compose'),variables('varChatID'))"},"Condition":{"actions":{"Set_variable":{"runAfter":{},"metadata":{"operationMetadataId":"2f7b7646-6995-4ecf-92bb-5aaf3e0f6c2d"},"type":"SetVariable","inputs":{"name":"varMeetingID","value":"set it here"}},"Get_Matching_Record_-_Compose":{"runAfter":{"Set_variable":["Succeeded"]},"metadata":{"operationMetadataId":"bbeb1aa6-b2ca-40da-95c7-59eb3d31418e"},"type":"Compose","inputs":"@items('JoinURL_-_Apply_to_each')"},"MeetingID_-_Set_variable_":{"runAfter":{"Get_Matching_Record_-_Compose":["Succeeded"]},"metadata":{"operationMetadataId":"2928a51e-72f1-49ba-85fd-c9f6533d2205"},"type":"SetVariable","inputs":{"name":"varMeetingID","value":"@items('JoinURL_-_Apply_to_each')?['id']"}}},"runAfter":{"IsMatch_-_Compose":["Succeeded"]},"expression":{"equals":["@outputs('IsMatch_-_Compose')",true]},"metadata":{"operationMetadataId":"468b5e1c-8609-4ddf-b0e9-063b67673c24"},"type":"If"}},"runAfter":{"All_Meetings_-_Parse_JSON":["Succeeded"]},"metadata":{"operationMetadataId":"7746ce0a-6375-4bd6-9098-9df07f1043ab"},"type":"Foreach"},"List_rows_-_Get_Entity_Details":{"runAfter":{"JoinURL_-_Apply_to_each":["Succeeded"]},"metadata":{"operationMetadataId":"0dd8cad7-680c-4b59-bab4-c545d1a5771c"},"type":"OpenApiConnection","inputs":{"host":{"apiId":"/providers/Microsoft.PowerApps/apis/shared_commondataserviceforapps","connectionName":"shared_commondataserviceforapps","operationId":"ListRecords"},"parameters":{"entityName":"crc7f_crea6_employeeses5s","$filter":"crc7f_meetingid eq '@{variables('varMeetingID')}'"},"authentication":"@parameters('$authentication')"}},"EntityDetails_-_Select":{"runAfter":{"List_rows_-_Get_Entity_Details":["Succeeded"]},"metadata":{"operationMetadataId":"0b4135fc-8242-4ba3-9324-320f8500446d"},"type":"Select","inputs":{"from":"@outputs('List_rows_-_Get_Entity_Details')?['body/value']","select":{"EmployeeID":"@item()?['crc7f_crea6_employeesid']","FirstName":"@item()?['crc7f_crea6_firstname']","LastName":"@item()?['crc7f_crea6_lastname']"}}},"EntityDetails_-_JSON_":{"runAfter":{"EntityDetails_-_Select":["Succeeded"]},"metadata":{"operationMetadataId":"4e888bb5-d159-47f9-8850-c3d83c582c58"},"type":"ParseJson","inputs":{"content":"@body('EntityDetails_-_Select')","schema":{"type":"array","items":{"type":"object","properties":{"EmployeeID":{"type":"string"},"FirstName":{"type":"string"},"LastName":{"type":"string"}},"required":["EmployeeID","FirstName","LastName"]}}}},"Entity_Details_-_Response":{"runAfter":{"EntityDetails_-_JSON_":["Succeeded"]},"metadata":{"operationMetadataId":"3a624a60-eaa4-41ed-8d58-c87352b4b004"},"type":"Response","kind":"Http","inputs":{"statusCode":200,"body":"@body('EntityDetails_-_JSON_')"}}}},"connectionReferences":{"shared_commondataserviceforapps":{"connectionName":"shared-commondataser-6b480fd3-59c5-4634-a123-a603480bcb88","source":"Embedded","id":"/providers/Microsoft.PowerApps/apis/shared_commondataserviceforapps","tier":"NotSpecified"}},"flowFailureAlertSubscribed":false,"isManaged":false}}