{"name":"5750f4a0-ad37-4870-b5f4-a4d40b559dca","id":"/providers/Microsoft.Flow/flows/5750f4a0-ad37-4870-b5f4-a4d40b559dca","type":"Microsoft.Flow/flows","properties":{"apiId":"/providers/Microsoft.PowerApps/apis/shared_logicflows","displayName":"Flow_ExtractStructred_Json C","definition":{"metadata":{"workflowEntityId":null,"processAdvisorMetadata":null,"flowChargedByPaygo":null,"flowclientsuspensionreason":"None","flowclientsuspensiontime":null,"flowclientsuspensionreasondetails":null,"creator":{"id":"0a421a04-e866-4000-94b3-1da2cf936d3a","type":"User","tenantId":"5fd26191-ce3b-435a-ab5c-4b9594508c45"},"provisioningMethod":"FromDefinition","failureAlertSubscription":true,"clientLastModifiedTime":"2024-01-03T08:17:44.6425711Z","connectionKeySavedTimeKey":"2024-01-03T08:17:44.6425711Z"},"$schema":"https://schema.management.azure.com/providers/Microsoft.Logic/schemas/2016-06-01/workflowdefinition.json#","contentVersion":"1.0.0.0","parameters":{"$authentication":{"defaultValue":{},"type":"SecureObject"}},"triggers":{"manual":{"metadata":{"operationMetadataId":"d2af6037-8314-42f0-87a6-3c86caddb679"},"type":"Request","kind":"Button","inputs":{"schema":{"type":"object","properties":{"key-button-date":{"title":"Date","type":"string","x-ms-dynamically-added":false},"location":{"type":"object","properties":{"fullAddress":{"title":"Full address","type":"string","x-ms-dynamically-added":false},"address":{"type":"object","properties":{"countryOrRegion":{"title":"Country/Region","type":"string","x-ms-dynamically-added":false},"city":{"title":"City","type":"string","x-ms-dynamically-added":false},"state":{"title":"State","type":"string","x-ms-dynamically-added":false},"street":{"title":"Street","type":"string","x-ms-dynamically-added":false},"postalCode":{"title":"Postal code","type":"string","x-ms-dynamically-added":false}},"required":["countryOrRegion","city","state","street","postalCode"]},"coordinates":{"type":"object","properties":{"latitude":{"title":"Latitude","type":"number","x-ms-dynamically-added":false},"longitude":{"title":"Longitude","type":"number","x-ms-dynamically-added":false}},"required":["latitude","longitude"]}}}},"required":["key-button-date","location"]},"headersSchema":{"x-ms-user-name-encoded":{"title":"User name","type":"string","format":"byte","x-ms-dynamically-added":false},"x-ms-user-email-encoded":{"title":"User email","type":"string","format":"byte","x-ms-dynamically-added":false},"x-ms-user-timestamp":{"title":"Timestamp","type":"string","x-ms-dynamically-added":false}}}}},"actions":{"JSON_-_Initialize_variable":{"runAfter":{"MeetingID_-_Initialize_variable":["Succeeded"]},"metadata":{"operationMetadataId":"fa7b742f-596f-4060-8f9f-df526eb57ba9"},"type":"InitializeVariable","inputs":{"variables":[{"name":"varTheJSON","type":"string","value":"{\n    \"@odata.context\": \"https://graph.microsoft.com/v1.0/$metadata#users('sabirshaikh%40mirza154.onmicrosoft.com')/events\",\n    \"value\": [\n        {\n            \"@odata.etag\": \"W/\\\"ehyjzjtjFEqywGfa8drNIQABDjudAw==\\\"\",\n            \"id\": \"AAMkADBjMzUwZTk2LTNjZjQtNDg4OC05NGUzLWMzMjcwZGQzZDRlZgBGAAAAAABOL2KklS2zQ7eN7Yf7kB1dBwB6HKPOO2MUSrLAZ9rx2s0hAAAAAAENAAB6HKPOO2MUSrLAZ9rx2s0hAAEOj4QZAAA=\",\n            \"createdDateTime\": \"2023-12-29T09:48:16.9183689Z\",\n            \"lastModifiedDateTime\": \"2023-12-29T09:48:20.529127Z\",\n            \"changeKey\": \"ehyjzjtjFEqywGfa8drNIQABDjudAw==\",\n            \"categories\": [],\n            \"transactionId\": null,\n            \"originalStartTimeZone\": \"Eastern Standard Time\",\n            \"originalEndTimeZone\": \"Eastern Standard Time\",\n            \"iCalUId\": \"040000008200E00074C5B7101A82E0080000000047E3E5253C3ADA01000000000000000010000000D228FC1535BFFC418A14AFC5D5E2D7F1\",\n            \"reminderMinutesBeforeStart\": 15,\n            \"isReminderOn\": true,\n            \"hasAttachments\": false,\n            \"subject\": \"For Graph API 3\",\n            \"bodyPreview\": \"For Graph API Discuss\\r\\n________________________________________________________________________________\\r\\nMicrosoft Teams meeting\\r\\nJoin on your computer, mobile app or room device\\r\\nClick here to join the meeting\\r\\nMeeting ID: 444 780 555 432\\r\\nPasscode: HQHt\",\n            \"importance\": \"normal\",\n            \"sensitivity\": \"normal\",\n            \"isAllDay\": false,\n            \"isCancelled\": false,\n            \"isOrganizer\": true,\n            \"responseRequested\": true,\n            \"seriesMasterId\": null,\n            \"showAs\": \"busy\",\n            \"type\": \"singleInstance\",\n            \"webLink\": \"https://outlook.office365.com/owa/?itemid=AAMkADBjMzUwZTk2LTNjZjQtNDg4OC05NGUzLWMzMjcwZGQzZDRlZgBGAAAAAABOL2KklS2zQ7eN7Yf7kB1dBwB6HKPOO2MUSrLAZ9rx2s0hAAAAAAENAAB6HKPOO2MUSrLAZ9rx2s0hAAEOj4QZAAA%3D&exvsurl=1&path=/calendar/item\",\n            \"onlineMeetingUrl\": null,\n            \"isOnlineMeeting\": true,\n            \"onlineMeetingProvider\": \"teamsForBusiness\",\n            \"allowNewTimeProposals\": true,\n            \"occurrenceId\": null,\n            \"isDraft\": false,\n            \"hideAttendees\": false,\n            \"responseStatus\": {\n                \"response\": \"organizer\",\n                \"time\": \"0001-01-01T00:00:00Z\"\n            },\n            \"body\": {\n                \"contentType\": \"html\",\n                \"content\": \"<html>\\r\\n<head>\\r\\n<meta http-equiv=\\\"Content-Type\\\" content=\\\"text/html; charset=utf-8\\\">\\r\\n</head>\\r\\n<body>\\r\\nFor Graph API Discuss<br>\\r\\n<div style=\\\"width:100%\\\"><span style=\\\"white-space:nowrap; color:#5F5F5F; opacity:.36\\\">________________________________________________________________________________</span>\\r\\n</div>\\r\\n<div class=\\\"me-email-text\\\" lang=\\\"en-IN\\\" style=\\\"color:#252424; font-family:'Segoe UI','Helvetica Neue',Helvetica,Arial,sans-serif\\\">\\r\\n<div style=\\\"margin-top:24px; margin-bottom:20px\\\"><span style=\\\"font-size:24px; color:#252424\\\">Microsoft Teams meeting</span>\\r\\n</div>\\r\\n<div style=\\\"margin-bottom:20px\\\">\\r\\n<div style=\\\"margin-top:0px; margin-bottom:0px; font-weight:bold\\\"><span style=\\\"font-size:14px; color:#252424\\\">Join on your computer, mobile app or room device</span>\\r\\n</div>\\r\\n<a href=\\\"https://teams.microsoft.com/l/meetup-join/19%3ameeting_ZWNhYzE3YTUtOGJiYi00YWFhLWJmZDctZGFmOGIzZjNlZTIw%40thread.v2/0?context=%7b%22Tid%22%3a%225fd26191-ce3b-435a-ab5c-4b9594508c45%22%2c%22Oid%22%3a%220a421a04-e866-4000-94b3-1da2cf936d3a%22%7d\\\" class=\\\"me-email-headline\\\" style=\\\"font-size:14px; font-family:'Segoe UI Semibold','Segoe UI','Helvetica Neue',Helvetica,Arial,sans-serif; text-decoration:underline; color:#6264a7\\\">Click\\r\\n here to join the meeting</a> </div>\\r\\n<div style=\\\"margin-bottom:20px; margin-top:20px\\\">\\r\\n<div style=\\\"margin-bottom:4px\\\"><span data-tid=\\\"meeting-code\\\" style=\\\"font-size:14px; color:#252424\\\">Meeting ID:\\r\\n<span style=\\\"font-size:16px; color:#252424\\\">444 780 555 432</span> </span><br>\\r\\n<span style=\\\"font-size:14px; color:#252424\\\">Passcode: </span><span style=\\\"font-size:16px; color:#252424\\\">HQHtoJ\\r\\n</span>\\r\\n<div style=\\\"font-size:14px\\\"><a href=\\\"https://www.microsoft.com/en-us/microsoft-teams/download-app\\\" class=\\\"me-email-link\\\" style=\\\"font-size:14px; text-decoration:underline; color:#6264a7; font-family:'Segoe UI','Helvetica Neue',Helvetica,Arial,sans-serif\\\">Download\\r\\n Teams</a> | <a href=\\\"https://www.microsoft.com/microsoft-teams/join-a-meeting\\\" class=\\\"me-email-link\\\" style=\\\"font-size:14px; text-decoration:underline; color:#6264a7; font-family:'Segoe UI','Helvetica Neue',Helvetica,Arial,sans-serif\\\">\\r\\nJoin on the web</a></div>\\r\\n</div>\\r\\n</div>\\r\\n<div style=\\\"margin-bottom:24px; margin-top:20px\\\"><a href=\\\"https://aka.ms/JoinTeamsMeeting\\\" class=\\\"me-email-link\\\" style=\\\"font-size:14px; text-decoration:underline; color:#6264a7; font-family:'Segoe UI','Helvetica Neue',Helvetica,Arial,sans-serif\\\">Learn More</a>\\r\\n | <a href=\\\"https://teams.microsoft.com/meetingOptions/?organizerId=0a421a04-e866-4000-94b3-1da2cf936d3a&amp;tenantId=5fd26191-ce3b-435a-ab5c-4b9594508c45&amp;threadId=19_meeting_ZWNhYzE3YTUtOGJiYi00YWFhLWJmZDctZGFmOGIzZjNlZTIw@thread.v2&amp;messageId=0&amp;language=en-IN\\\" class=\\\"me-email-link\\\" style=\\\"font-size:14px; text-decoration:underline; color:#6264a7; font-family:'Segoe UI','Helvetica Neue',Helvetica,Arial,sans-serif\\\">\\r\\nMeeting options</a> </div>\\r\\n</div>\\r\\n<div style=\\\"font-size:14px; margin-bottom:4px; font-family:'Segoe UI','Helvetica Neue',Helvetica,Arial,sans-serif\\\">\\r\\n</div>\\r\\n<div style=\\\"font-size:12px\\\"></div>\\r\\n<div></div>\\r\\n<div style=\\\"width:100%\\\"><span style=\\\"white-space:nowrap; color:#5F5F5F; opacity:.36\\\">________________________________________________________________________________</span>\\r\\n</div>\\r\\n</body>\\r\\n</html>\\r\\n\"\n            },\n            \"start\": {\n                \"dateTime\": \"2024-01-05T15:00:00.0000000\",\n                \"timeZone\": \"UTC\"\n            },\n            \"end\": {\n                \"dateTime\": \"2024-01-05T16:00:00.0000000\",\n                \"timeZone\": \"UTC\"\n            },\n            \"location\": {\n                \"displayName\": \"For Graph API\",\n                \"locationType\": \"default\",\n                \"uniqueId\": \"For Graph API\",\n                \"uniqueIdType\": \"private\"\n            },\n            \"locations\": [\n                {\n                    \"displayName\": \"For Graph API\",\n                    \"locationType\": \"default\",\n                    \"uniqueId\": \"For Graph API\",\n                    \"uniqueIdType\": \"private\"\n                }\n            ],\n            \"recurrence\": null,\n            \"attendees\": [\n                {\n                    \"type\": \"optional\",\n                    \"status\": {\n                        \"response\": \"none\",\n                        \"time\": \"0001-01-01T00:00:00Z\"\n                    },\n                    \"emailAddress\": {\n                        \"name\": \"Sabir Shaikh\",\n                        \"address\": \"sabirshaikh@mirza154.onmicrosoft.com\"\n                    }\n                }\n            ],\n            \"organizer\": {\n                \"emailAddress\": {\n                    \"name\": \"Sabir Shaikh\",\n                    \"address\": \"sabirshaikh@mirza154.onmicrosoft.com\"\n                }\n            },\n            \"onlineMeeting\": {\n                \"joinUrl\": \"https://teams.microsoft.com/l/meetup-join/19%3ameeting_ZWNhYzE3YTUtOGJiYi00YWFhLWJmZDctZGFmOGIzZjNlZTIw%40thread.v2/0?context=%7b%22Tid%22%3a%225fd26191-ce3b-435a-ab5c-4b9594508c45%22%2c%22Oid%22%3a%220a421a04-e866-4000-94b3-1da2cf936d3a%22%7d\"\n            },\n            \"calendar@odata.associationLink\": \"https://graph.microsoft.com/v1.0/users('sabirshaikh@mirza154.onmicrosoft.com')/calendars('AQMkADBjMzUwZTk2LTNjZjQtNDg4AS05NGUzLWMzMjcwZGQAM2Q0ZWYARgAAA04vYqSVLbNDt43th-uQHV0HAHoco847YxRKssBn2vHazSEAAAIBBgAAAHoco847YxRKssBn2vHazSEAAAKUKwAAAA==')/$ref\",\n            \"calendar@odata.navigationLink\": \"https://graph.microsoft.com/v1.0/users('sabirshaikh@mirza154.onmicrosoft.com')/calendars('AQMkADBjMzUwZTk2LTNjZjQtNDg4AS05NGUzLWMzMjcwZGQAM2Q0ZWYARgAAA04vYqSVLbNDt43th-uQHV0HAHoco847YxRKssBn2vHazSEAAAIBBgAAAHoco847YxRKssBn2vHazSEAAAKUKwAAAA==')\"\n        },\n        {\n            \"@odata.etag\": \"W/\\\"ehyjzjtjFEqywGfa8drNIQABDjuc3w==\\\"\",\n            \"id\": \"AAMkADBjMzUwZTk2LTNjZjQtNDg4OC05NGUzLWMzMjcwZGQzZDRlZgBGAAAAAABOL2KklS2zQ7eN7Yf7kB1dBwB6HKPOO2MUSrLAZ9rx2s0hAAAAAAENAAB6HKPOO2MUSrLAZ9rx2s0hAAEOj4QYAAA=\",\n            \"createdDateTime\": \"2023-12-29T09:31:37.1310837Z\",\n            \"lastModifiedDateTime\": \"2023-12-29T09:31:42.6988809Z\",\n            \"changeKey\": \"ehyjzjtjFEqywGfa8drNIQABDjuc3w==\",\n            \"categories\": [],\n            \"transactionId\": null,\n            \"originalStartTimeZone\": \"Eastern Standard Time\",\n            \"originalEndTimeZone\": \"Eastern Standard Time\",\n            \"iCalUId\": \"040000008200E00074C5B7101A82E00800000000161AFAD1393ADA0100000000000000001000000041A5C21781AF7C4496864DD60B5033EE\",\n            \"reminderMinutesBeforeStart\": 15,\n            \"isReminderOn\": true,\n            \"hasAttachments\": false,\n            \"subject\": \"For Graph API 2\",\n            \"bodyPreview\": \"For Graph API Discuss\\r\\n________________________________________________________________________________\\r\\nMicrosoft Teams meeting\\r\\nJoin on your computer, mobile app or room device\\r\\nClick here to join the meeting\\r\\nMeeting ID: 424 581 626 533\\r\\nPasscode: ahgZ\",\n            \"importance\": \"normal\",\n            \"sensitivity\": \"normal\",\n            \"isAllDay\": false,\n            \"isCancelled\": false,\n            \"isOrganizer\": true,\n            \"responseRequested\": true,\n            \"seriesMasterId\": null,\n            \"showAs\": \"busy\",\n            \"type\": \"singleInstance\",\n            \"webLink\": \"https://outlook.office365.com/owa/?itemid=AAMkADBjMzUwZTk2LTNjZjQtNDg4OC05NGUzLWMzMjcwZGQzZDRlZgBGAAAAAABOL2KklS2zQ7eN7Yf7kB1dBwB6HKPOO2MUSrLAZ9rx2s0hAAAAAAENAAB6HKPOO2MUSrLAZ9rx2s0hAAEOj4QYAAA%3D&exvsurl=1&path=/calendar/item\",\n            \"onlineMeetingUrl\": null,\n            \"isOnlineMeeting\": true,\n            \"onlineMeetingProvider\": \"teamsForBusiness\",\n            \"allowNewTimeProposals\": true,\n            \"occurrenceId\": null,\n            \"isDraft\": false,\n            \"hideAttendees\": false,\n            \"responseStatus\": {\n                \"response\": \"organizer\",\n                \"time\": \"0001-01-01T00:00:00Z\"\n            },\n            \"body\": {\n                \"contentType\": \"html\",\n                \"content\": \"<html>\\r\\n<head>\\r\\n<meta http-equiv=\\\"Content-Type\\\" content=\\\"text/html; charset=utf-8\\\">\\r\\n</head>\\r\\n<body>\\r\\nFor Graph API Discuss<br>\\r\\n<div style=\\\"width:100%\\\"><span style=\\\"white-space:nowrap; color:#5F5F5F; opacity:.36\\\">________________________________________________________________________________</span>\\r\\n</div>\\r\\n<div class=\\\"me-email-text\\\" lang=\\\"en-IN\\\" style=\\\"color:#252424; font-family:'Segoe UI','Helvetica Neue',Helvetica,Arial,sans-serif\\\">\\r\\n<div style=\\\"margin-top:24px; margin-bottom:20px\\\"><span style=\\\"font-size:24px; color:#252424\\\">Microsoft Teams meeting</span>\\r\\n</div>\\r\\n<div style=\\\"margin-bottom:20px\\\">\\r\\n<div style=\\\"margin-top:0px; margin-bottom:0px; font-weight:bold\\\"><span style=\\\"font-size:14px; color:#252424\\\">Join on your computer, mobile app or room device</span>\\r\\n</div>\\r\\n<a href=\\\"https://teams.microsoft.com/l/meetup-join/19%3ameeting_YjY4NzA5Y2EtYWNkMS00MTAyLWE5NzMtM2Q5OWE2NzBkMDdh%40thread.v2/0?context=%7b%22Tid%22%3a%225fd26191-ce3b-435a-ab5c-4b9594508c45%22%2c%22Oid%22%3a%220a421a04-e866-4000-94b3-1da2cf936d3a%22%7d\\\" class=\\\"me-email-headline\\\" style=\\\"font-size:14px; font-family:'Segoe UI Semibold','Segoe UI','Helvetica Neue',Helvetica,Arial,sans-serif; text-decoration:underline; color:#6264a7\\\">Click\\r\\n here to join the meeting</a> </div>\\r\\n<div style=\\\"margin-bottom:20px; margin-top:20px\\\">\\r\\n<div style=\\\"margin-bottom:4px\\\"><span data-tid=\\\"meeting-code\\\" style=\\\"font-size:14px; color:#252424\\\">Meeting ID:\\r\\n<span style=\\\"font-size:16px; color:#252424\\\">424 581 626 533</span> </span><br>\\r\\n<span style=\\\"font-size:14px; color:#252424\\\">Passcode: </span><span style=\\\"font-size:16px; color:#252424\\\">ahgZ7j\\r\\n</span>\\r\\n<div style=\\\"font-size:14px\\\"><a href=\\\"https://www.microsoft.com/en-us/microsoft-teams/download-app\\\" class=\\\"me-email-link\\\" style=\\\"font-size:14px; text-decoration:underline; color:#6264a7; font-family:'Segoe UI','Helvetica Neue',Helvetica,Arial,sans-serif\\\">Download\\r\\n Teams</a> | <a href=\\\"https://www.microsoft.com/microsoft-teams/join-a-meeting\\\" class=\\\"me-email-link\\\" style=\\\"font-size:14px; text-decoration:underline; color:#6264a7; font-family:'Segoe UI','Helvetica Neue',Helvetica,Arial,sans-serif\\\">\\r\\nJoin on the web</a></div>\\r\\n</div>\\r\\n</div>\\r\\n<div style=\\\"margin-bottom:24px; margin-top:20px\\\"><a href=\\\"https://aka.ms/JoinTeamsMeeting\\\" class=\\\"me-email-link\\\" style=\\\"font-size:14px; text-decoration:underline; color:#6264a7; font-family:'Segoe UI','Helvetica Neue',Helvetica,Arial,sans-serif\\\">Learn More</a>\\r\\n | <a href=\\\"https://teams.microsoft.com/meetingOptions/?organizerId=0a421a04-e866-4000-94b3-1da2cf936d3a&amp;tenantId=5fd26191-ce3b-435a-ab5c-4b9594508c45&amp;threadId=19_meeting_YjY4NzA5Y2EtYWNkMS00MTAyLWE5NzMtM2Q5OWE2NzBkMDdh@thread.v2&amp;messageId=0&amp;language=en-IN\\\" class=\\\"me-email-link\\\" style=\\\"font-size:14px; text-decoration:underline; color:#6264a7; font-family:'Segoe UI','Helvetica Neue',Helvetica,Arial,sans-serif\\\">\\r\\nMeeting options</a> </div>\\r\\n</div>\\r\\n<div style=\\\"font-size:14px; margin-bottom:4px; font-family:'Segoe UI','Helvetica Neue',Helvetica,Arial,sans-serif\\\">\\r\\n</div>\\r\\n<div style=\\\"font-size:12px\\\"></div>\\r\\n<div></div>\\r\\n<div style=\\\"width:100%\\\"><span style=\\\"white-space:nowrap; color:#5F5F5F; opacity:.36\\\">________________________________________________________________________________</span>\\r\\n</div>\\r\\n</body>\\r\\n</html>\\r\\n\"\n            },\n            \"start\": {\n                \"dateTime\": \"2024-01-04T16:00:00.0000000\",\n                \"timeZone\": \"UTC\"\n            },\n            \"end\": {\n                \"dateTime\": \"2024-01-04T17:00:00.0000000\",\n                \"timeZone\": \"UTC\"\n            },\n            \"location\": {\n                \"displayName\": \"For Graph API\",\n                \"locationType\": \"default\",\n                \"uniqueId\": \"For Graph API\",\n                \"uniqueIdType\": \"private\"\n            },\n            \"locations\": [\n                {\n                    \"displayName\": \"For Graph API\",\n                    \"locationType\": \"default\",\n                    \"uniqueId\": \"For Graph API\",\n                    \"uniqueIdType\": \"private\"\n                }\n            ],\n            \"recurrence\": null,\n            \"attendees\": [\n                {\n                    \"type\": \"optional\",\n                    \"status\": {\n                        \"response\": \"none\",\n                        \"time\": \"0001-01-01T00:00:00Z\"\n                    },\n                    \"emailAddress\": {\n                        \"name\": \"Sabir Shaikh\",\n                        \"address\": \"sabirshaikh@mirza154.onmicrosoft.com\"\n                    }\n                }\n            ],\n            \"organizer\": {\n                \"emailAddress\": {\n                    \"name\": \"Sabir Shaikh\",\n                    \"address\": \"sabirshaikh@mirza154.onmicrosoft.com\"\n                }\n            },\n            \"onlineMeeting\": {\n                \"joinUrl\": \"https://teams.microsoft.com/l/meetup-join/19%3ameeting_YjY4NzA5Y2EtYWNkMS00MTAyLWE5NzMtM2Q5OWE2NzBkMDdh%40thread.v2/0?context=%7b%22Tid%22%3a%225fd26191-ce3b-435a-ab5c-4b9594508c45%22%2c%22Oid%22%3a%220a421a04-e866-4000-94b3-1da2cf936d3a%22%7d\"\n            },\n            \"calendar@odata.associationLink\": \"https://graph.microsoft.com/v1.0/users('sabirshaikh@mirza154.onmicrosoft.com')/calendars('AQMkADBjMzUwZTk2LTNjZjQtNDg4AS05NGUzLWMzMjcwZGQAM2Q0ZWYARgAAA04vYqSVLbNDt43th-uQHV0HAHoco847YxRKssBn2vHazSEAAAIBBgAAAHoco847YxRKssBn2vHazSEAAAKUKwAAAA==')/$ref\",\n            \"calendar@odata.navigationLink\": \"https://graph.microsoft.com/v1.0/users('sabirshaikh@mirza154.onmicrosoft.com')/calendars('AQMkADBjMzUwZTk2LTNjZjQtNDg4AS05NGUzLWMzMjcwZGQAM2Q0ZWYARgAAA04vYqSVLbNDt43th-uQHV0HAHoco847YxRKssBn2vHazSEAAAIBBgAAAHoco847YxRKssBn2vHazSEAAAKUKwAAAA==')\"\n        }\n    ],\n    \"@odata.nextLink\": \"https://graph.microsoft.com/v1.0/users/sabirshaikh@mirza154.onmicrosoft.com/events?%24top=10&%24skip=10\"\n}"}]}},"Parse_JSON":{"runAfter":{"Length_-_Initialize_variable":["Succeeded"]},"metadata":{"operationMetadataId":"a0f669b8-8126-41c0-8e30-f2d9e5471305"},"type":"ParseJson","inputs":{"content":"@variables('varTheJSON')","schema":{"type":"object","properties":{"@@odata.context":{"type":"string"},"value":{"type":"array","items":{"type":"object","properties":{"@@odata.etag":{"type":"string"},"id":{"type":"string"},"createdDateTime":{"type":"string"},"lastModifiedDateTime":{"type":"string"},"changeKey":{"type":"string"},"categories":{"type":"array"},"transactionId":{},"originalStartTimeZone":{"type":"string"},"originalEndTimeZone":{"type":"string"},"iCalUId":{"type":"string"},"reminderMinutesBeforeStart":{"type":"integer"},"isReminderOn":{"type":"boolean"},"hasAttachments":{"type":"boolean"},"subject":{"type":"string"},"bodyPreview":{"type":"string"},"importance":{"type":"string"},"sensitivity":{"type":"string"},"isAllDay":{"type":"boolean"},"isCancelled":{"type":"boolean"},"isOrganizer":{"type":"boolean"},"responseRequested":{"type":"boolean"},"seriesMasterId":{},"showAs":{"type":"string"},"type":{"type":"string"},"webLink":{"type":"string"},"onlineMeetingUrl":{},"isOnlineMeeting":{"type":"boolean"},"onlineMeetingProvider":{"type":"string"},"allowNewTimeProposals":{"type":"boolean"},"occurrenceId":{},"isDraft":{"type":"boolean"},"hideAttendees":{"type":"boolean"},"responseStatus":{"type":"object","properties":{"response":{"type":"string"},"time":{"type":"string"}}},"body":{"type":"object","properties":{"contentType":{"type":"string"},"content":{"type":"string"}}},"start":{"type":"object","properties":{"dateTime":{"type":"string"},"timeZone":{"type":"string"}}},"end":{"type":"object","properties":{"dateTime":{"type":"string"},"timeZone":{"type":"string"}}},"location":{"type":"object","properties":{"displayName":{"type":"string"},"locationType":{"type":"string"},"uniqueId":{"type":"string"},"uniqueIdType":{"type":"string"}}},"locations":{"type":"array","items":{"type":"object","properties":{"displayName":{"type":"string"},"locationType":{"type":"string"},"uniqueId":{"type":"string"},"uniqueIdType":{"type":"string"}},"required":["displayName","locationType","uniqueId","uniqueIdType"]}},"recurrence":{},"attendees":{"type":"array","items":{"type":"object","properties":{"type":{"type":"string"},"status":{"type":"object","properties":{"response":{"type":"string"},"time":{"type":"string"}}},"emailAddress":{"type":"object","properties":{"name":{"type":"string"},"address":{"type":"string"}}}},"required":["type","status","emailAddress"]}},"organizer":{"type":"object","properties":{"emailAddress":{"type":"object","properties":{"name":{"type":"string"},"address":{"type":"string"}}}}},"onlineMeeting":{"type":"object","properties":{"joinUrl":{"type":"string"}}},"calendar@odata.associationLink":{"type":"string"},"calendar@odata.navigationLink":{"type":"string"}},"required":["@@odata.etag","id","createdDateTime","lastModifiedDateTime","changeKey","categories","transactionId","originalStartTimeZone","originalEndTimeZone","iCalUId","reminderMinutesBeforeStart","isReminderOn","hasAttachments","subject","bodyPreview","importance","sensitivity","isAllDay","isCancelled","isOrganizer","responseRequested","seriesMasterId","showAs","type","webLink","onlineMeetingUrl","isOnlineMeeting","onlineMeetingProvider","allowNewTimeProposals","occurrenceId","isDraft","hideAttendees","responseStatus","body","start","end","location","locations","recurrence","attendees","organizer","onlineMeeting","calendar@odata.associationLink","calendar@odata.navigationLink"]}},"@@odata.nextLink":{"type":"string"}}}}},"Get_MeetingID_-_Apply_to_Each":{"foreach":"@body('Parse_JSON')?['value']","actions":{"Compose":{"runAfter":{},"metadata":{"operationMetadataId":"f491788d-2f1e-4fa3-9e26-7a44d35ae898"},"type":"Compose","inputs":"@items('Get_MeetingID_-_Apply_to_Each')?['id']"}},"runAfter":{"Append_to_array_variable":["Succeeded"]},"metadata":{"operationMetadataId":"3732dda8-d2c7-4aa8-a05e-9df7ea98ffad"},"type":"Foreach"},"JoinURL_-_Apply_to_Each":{"foreach":"@body('Parse_JSON')?['value']","actions":{"JoinURL_-_Compose":{"runAfter":{},"metadata":{"operationMetadataId":"be74cb4c-03d3-4661-ac63-7f4b989a07ee"},"type":"Compose","inputs":"@items('JoinURL_-_Apply_to_Each')?['onlineMeeting']?['joinUrl']"},"IsMatch_-_Compose":{"runAfter":{"JoinURL_-_Compose":["Succeeded"]},"metadata":{"operationMetadataId":"6c5124bc-fdeb-44c9-9209-444ce6fc626c"},"type":"Compose","inputs":"@contains(outputs('JoinURL_-_Compose'), variables('varChatID'))"},"Condition":{"actions":{"Set_variable":{"runAfter":{},"metadata":{"operationMetadataId":"f4c80960-7758-49d0-b4c3-88943b492dd4"},"type":"SetVariable","inputs":{"name":"varMeetingID","value":"Set it here"}},"Get_Matching_Record_-_Compose":{"runAfter":{"Set_variable":["Succeeded"]},"metadata":{"operationMetadataId":"4cc8e1d4-67b0-438c-8da3-76b5a2d4a0de"},"type":"Compose","inputs":"@items('JoinURL_-_Apply_to_Each')"},"Get_Meeting_ID_-_Parse_JSON":{"runAfter":{"Get_Matching_Record_-_Compose":["Succeeded"]},"metadata":{"operationMetadataId":"a5c2efde-725e-49c0-afb3-8a0b6431f1d1"},"type":"ParseJson","inputs":{"content":"@outputs('Get_Matching_Record_-_Compose')","schema":{"type":"object","properties":{"@@odata.etag":{"type":"string"},"id":{"type":"string"},"createdDateTime":{"type":"string"},"lastModifiedDateTime":{"type":"string"},"changeKey":{"type":"string"},"categories":{"type":"array"},"transactionId":{},"originalStartTimeZone":{"type":"string"},"originalEndTimeZone":{"type":"string"},"iCalUId":{"type":"string"},"reminderMinutesBeforeStart":{"type":"integer"},"isReminderOn":{"type":"boolean"},"hasAttachments":{"type":"boolean"},"subject":{"type":"string"},"bodyPreview":{"type":"string"},"importance":{"type":"string"},"sensitivity":{"type":"string"},"isAllDay":{"type":"boolean"},"isCancelled":{"type":"boolean"},"isOrganizer":{"type":"boolean"},"responseRequested":{"type":"boolean"},"seriesMasterId":{},"showAs":{"type":"string"},"type":{"type":"string"},"webLink":{"type":"string"},"onlineMeetingUrl":{},"isOnlineMeeting":{"type":"boolean"},"onlineMeetingProvider":{"type":"string"},"allowNewTimeProposals":{"type":"boolean"},"occurrenceId":{},"isDraft":{"type":"boolean"},"hideAttendees":{"type":"boolean"},"responseStatus":{"type":"object","properties":{"response":{"type":"string"},"time":{"type":"string"}}},"body":{"type":"object","properties":{"contentType":{"type":"string"},"content":{"type":"string"}}},"start":{"type":"object","properties":{"dateTime":{"type":"string"},"timeZone":{"type":"string"}}},"end":{"type":"object","properties":{"dateTime":{"type":"string"},"timeZone":{"type":"string"}}},"location":{"type":"object","properties":{"displayName":{"type":"string"},"locationType":{"type":"string"},"uniqueId":{"type":"string"},"uniqueIdType":{"type":"string"}}},"locations":{"type":"array","items":{"type":"object","properties":{"displayName":{"type":"string"},"locationType":{"type":"string"},"uniqueId":{"type":"string"},"uniqueIdType":{"type":"string"}},"required":["displayName","locationType","uniqueId","uniqueIdType"]}},"recurrence":{},"attendees":{"type":"array","items":{"type":"object","properties":{"type":{"type":"string"},"status":{"type":"object","properties":{"response":{"type":"string"},"time":{"type":"string"}}},"emailAddress":{"type":"object","properties":{"name":{"type":"string"},"address":{"type":"string"}}}},"required":["type","status","emailAddress"]}},"organizer":{"type":"object","properties":{"emailAddress":{"type":"object","properties":{"name":{"type":"string"},"address":{"type":"string"}}}}},"onlineMeeting":{"type":"object","properties":{"joinUrl":{"type":"string"}}},"calendar@odata.associationLink":{"type":"string"},"calendar@odata.navigationLink":{"type":"string"}}}}},"Set_variable_2":{"runAfter":{"Get_Meeting_ID_-_Parse_JSON":["Succeeded"]},"metadata":{"operationMetadataId":"60452185-e0b5-473e-981b-aee778f31514"},"type":"SetVariable","inputs":{"name":"varMeetingID","value":"@body('Get_Meeting_ID_-_Parse_JSON')?['id']"}}},"runAfter":{"IsMatch_-_Compose":["Succeeded"]},"expression":{"equals":["@outputs('IsMatch_-_Compose')",true]},"metadata":{"operationMetadataId":"3621ef46-9ad9-4ca8-adfb-f032e6f74de2"},"type":"If"}},"runAfter":{"Get_MeetingID_-_Apply_to_Each":["Succeeded"]},"metadata":{"operationMetadataId":"e64ab7ba-5d97-4e62-9f47-1b3526024db0"},"type":"Foreach"},"ChatID_-_Initialize_variable":{"runAfter":{},"metadata":{"operationMetadataId":"ca4a3060-cdf6-416a-9db5-61b603a78d37"},"type":"InitializeVariable","inputs":{"variables":[{"name":"varChatID","type":"string","value":"19%3ameeting_ZWNhYzE3YTUtOGJiYi00YWFhLWJmZDctZGFmOGIzZjNlZTIw%40thread.v2"}]}},"Array_-_Initialize_variable":{"runAfter":{"JSON_-_Initialize_variable":["Succeeded"]},"metadata":{"operationMetadataId":"bc992eda-1d91-4a9c-8a22-4efe81a25b9b"},"type":"InitializeVariable","inputs":{"variables":[{"name":"arrItems","type":"array","value":[]}]}},"Length_-_Initialize_variable":{"runAfter":{"Array_-_Initialize_variable":["Succeeded"]},"metadata":{"operationMetadataId":"8e695b13-43bf-4ca2-91b0-255e88fad212"},"type":"InitializeVariable","inputs":{"variables":[{"name":"ArrayLength","type":"integer","value":0}]}},"Append_to_array_variable":{"runAfter":{"ArrayLenghth_-_Compose_":["Succeeded"]},"metadata":{"operationMetadataId":"6bd26fcc-dc9c-44c2-94b6-d62a67afdf5e"},"type":"AppendToArrayVariable","inputs":{"name":"arrItems","value":"@outputs('ArrayLenghth_-_Compose_')"}},"ArrayLenghth_-_Compose_":{"runAfter":{"Parse_JSON":["Succeeded"]},"metadata":{"operationMetadataId":"70cfc470-b7a2-44ef-99a2-da8400f3d4ff"},"type":"Compose","inputs":"@variables('ArrayLength')"},"MeetingID_-_Initialize_variable":{"runAfter":{"ChatID_-_Initialize_variable":["Succeeded"]},"metadata":{"operationMetadataId":"dbca05ce-a602-4330-a74e-5e9a49643903"},"type":"InitializeVariable","inputs":{"variables":[{"name":"varMeetingID","type":"string"}]}}}},"connectionReferences":{},"flowFailureAlertSubscribed":false,"isManaged":false}}